{"cameraMode":{"drawMode":0,"name":"Shaded","section":"Shading Mode"},"sceneLighting":true,"audioPlay":false,"sceneViewState":{"showFog":true,"showMaterialUpdate":false,"showSkybox":true,"showFlares":true,"showImageEffects":true,"showParticleSystems":true},"in2DMode":false,"pivot":{"x":-8.588682174682618,"y":7.300169467926025,"z":-6.37287712097168},"rotation":{"x":0.14333632588386537,"y":0.5995054244995117,"z":-0.11021292209625244,"w":0.7796801924705505},"size":2.8578836917877199,"orthographic":false}