{"cameraMode":{"drawMode":0,"name":"Shaded","section":"Shading Mode"},"sceneLighting":true,"audioPlay":false,"sceneViewState":{"showFog":true,"showMaterialUpdate":false,"showSkybox":true,"showFlares":true,"showImageEffects":true,"showParticleSystems":true},"in2DMode":false,"pivot":{"x":0.03413558006286621,"y":0.02928030490875244,"z":-3.9467902183532717},"rotation":{"x":0.00046982322237454355,"y":0.9898145794868469,"z":-0.14232438802719117,"w":0.0032674779649823906},"size":5.927521228790283,"orthographic":false}