{"cameraMode":{"drawMode":0,"name":"Shaded","section":"Shading Mode"},"sceneLighting":true,"audioPlay":false,"sceneViewState":{"showFog":true,"showMaterialUpdate":false,"showSkybox":true,"showFlares":true,"showImageEffects":true,"showParticleSystems":true},"in2DMode":false,"pivot":{"x":6.885071754455566,"y":5.736785411834717,"z":2.7783656120300295},"rotation":{"x":0.25735390186309817,"y":-0.6920452117919922,"z":0.29325345158576968,"w":0.6073260307312012},"size":2.8578836917877199,"orthographic":false}